Handle,Title,Vendor,Department (Master Category),Subcategory,Product Type,Variant SKU,Pack Size (Option1),Barcode (Code 128),Consumer Retail (ex-VAT GBP),Consumer Retail (inc-20% VAT GBP),Consumer Retail (ex-VAT EUR),Consumer Retail (inc-21% VAT EUR),Dealer Discount %,Dealer Price (ex-VAT GBP),Dealer Price (ex-VAT EUR),Dealer MOQ (Units),Dealer MOV (Order Minimum ex-VAT GBP),Distributor Discount %,Distributor Price (ex-VAT GBP),Distributor Price (ex-VAT EUR),Distributor MOQ (Units),Distributor MOV (Order Minimum ex-VAT GBP),HS Tariff Code,Country of Origin,Weight (Grams)
kroma-mirror-chrome-system,Kroma Edge Self-Organizing Mirror Chrome System,Kroma Edge,Solvent Paints,Base Coat,Mirror Chrome Systems,KE-MIRROR-140G,Small Kit (140g / 5 oz),KE-MIRROR-140G,235,282,276.36,334.4,30.00%,164.5,193.45,6,£500.00,55.00%,105.75,124.36,12,"£2,000.00",3208.90.19,JP,500
kroma-mirror-chrome-system,Kroma Edge Self-Organizing Mirror Chrome System,Kroma Edge,Solvent Paints,Base Coat,Mirror Chrome Systems,KE-MIRROR-420G,Medium Kit (420g / 15 oz),KE-MIRROR-420G,640,768,752.64,910.69,30.00%,448,526.85,6,£500.00,55.00%,288,338.69,12,"£2,000.00",3208.90.19,JP,500
kroma-mirror-chrome-system,Kroma Edge Self-Organizing Mirror Chrome System,Kroma Edge,Solvent Paints,Base Coat,Mirror Chrome Systems,KE-MIRROR-1260G,Large Kit (1260g / 45 oz),KE-MIRROR-1260G,1450,1740,1705.2,2063.29,30.00%,1015,1193.64,6,£500.00,55.00%,652.5,767.34,12,"£2,000.00",3208.90.19,JP,500
kroma-mirror-chrome-system,Kroma Edge Self-Organizing Mirror Chrome System,Kroma Edge,Solvent Paints,Base Coat,Mirror Chrome Systems,KE-MIRROR-2520G,Extra Large Kit (2520g / 90 oz),KE-MIRROR-2520G,2550,3060,2998.8,3628.55,30.00%,1785,2099.16,6,£500.00,55.00%,1147.5,1349.46,12,"£2,000.00",3208.90.19,JP,500
kroma-mirror-chrome-system,Kroma Edge Self-Organizing Mirror Chrome System,Kroma Edge,Solvent Paints,Base Coat,Mirror Chrome Systems,KE-MIRROR-10080G,Ultra Large Kit (10080g / 360 oz),KE-MIRROR-10080G,9250,11100,10878,13162.38,30.00%,6475,7614.6,6,£500.00,55.00%,4162.5,4895.1,12,"£2,000.00",3208.90.19,JP,500
kroma-dedicated-topcoat-clear,Kroma Edge Dedicated Topcoat Clear System,Kroma Edge,Solvent Paints,Clear Coat,Dedicated Clearcoats,KE-TOPCOAT-CLR-1,Topcoat Clear 180 SET (1.5 m²),KE-TOPCOAT-CLR-1,65,78,76.44,92.49,30.00%,45.5,53.51,6,£500.00,55.00%,29.25,34.4,12,"£2,000.00",3208.10.90,JP,500
kroma-dedicated-topcoat-clear,Kroma Edge Dedicated Topcoat Clear System,Kroma Edge,Solvent Paints,Clear Coat,Dedicated Clearcoats,KE-TOPCOAT-CLR-2,Topcoat Clear 900 SET (6.0 m²),KE-TOPCOAT-CLR-2,285,342,335.16,405.54,30.00%,199.5,234.61,6,£500.00,55.00%,128.25,150.82,12,"£2,000.00",3208.10.90,JP,500
kroma-dedicated-topcoat-clear,Kroma Edge Dedicated Topcoat Clear System,Kroma Edge,Solvent Paints,Clear Coat,Dedicated Clearcoats,KE-TOPCOAT-CLR-3,Topcoat Clear 3600 SET (24.0 m²),KE-TOPCOAT-CLR-3,1050,1260,1234.8,1494.11,30.00%,735,864.36,6,£500.00,55.00%,472.5,555.66,12,"£2,000.00",3208.10.90,JP,500
fk-2629,Flake King Pro Series Kit,Flake King,Paint & Spray Equipment,Dry Flake Guns,Dry Metal Flake Guns,FOMPRO,Default Title,FOMPRO,208.33,250,245,296.45,25.00%,156.24,182.8,6,£500.00,55.00%,93.75,109.69,12,"£2,000.00",8424.20.00,GB,500
fk-2610,Show Krome Metal Flake,Flake King,Dry Special FX Products,Flakes,Dry Metal Flake (Glitter),FKS012001000,1000g (1 Kilo Trade Pack),FKS012001000,314.4,377.28,369.73,447.37,30.00%,220.08,258.81,6,£500.00,55.00%,141.48,166.38,12,"£2,000.00",3926.90.97,GB,500
fk-2610,Show Krome Metal Flake,Flake King,Dry Special FX Products,Flakes,Dry Metal Flake (Glitter),FKS01200100,100g Jar (Refill / Trade),FKS01200100,33.63,40.36,39.55,47.86,30.00%,23.54,27.68,6,£500.00,55.00%,15.13,17.8,12,"£2,000.00",3926.90.97,GB,500
fk-2610,Show Krome Metal Flake,Flake King,Dry Special FX Products,Flakes,Dry Metal Flake (Glitter),FKS0120030,30g Jar (Gun Mount),FKS0120030,11.08,13.3,13.03,15.77,30.00%,7.76,9.12,6,£500.00,55.00%,4.99,5.86,12,"£2,000.00",3926.90.97,GB,500
fk-2603,Flake King 500 – Dry Metal Flake Airbrush Attachment,Flake King,Paint & Spray Equipment,Dry Flake Guns,Dry Metal Flake Guns,FOM500,Default Title,FOM500,83.33,100,98,118.58,25.00%,62.49,73.11,6,£500.00,55.00%,37.5,43.88,12,"£2,000.00",8424.20.00,GB,500
fk-2602,Flake King 1000 Dry Metal Flake Gun,Flake King,Paint & Spray Equipment,Dry Flake Guns,Dry Metal Flake Guns,FOM1000,Default Title,FOM1000,108.33,130,127.4,154.15,25.00%,81.24,95.05,6,£500.00,55.00%,48.75,57.04,12,"£2,000.00",8424.20.00,GB,500
fk-2600,FOM 1000/1050 50g Jar & Lid,Flake King,Paint & Spray Equipment,Dry Flake Guns,Flake King Gun Accessories,FOM50gJarLid,Default Title,FOM50gJarLid,1.24,1.49,1.46,1.77,25.00%,0.93,1.09,6,£500.00,39.50%,0.75,0.88,12,"£2,000.00",8424.90.00,GB,500
fk-2598,FOM 500/550 Spare 30g Jar & Lid,Flake King,Paint & Spray Equipment,Dry Flake Guns,Flake King Gun Accessories,FOM500JL,Default Title,FOM500JL,1.1,1.32,1.29,1.56,24.50%,0.83,0.98,6,£500.00,50.00%,0.55,0.65,12,"£2,000.00",8424.90.00,GB,500
fk-2524,Kromatic Show Krome Metal Flake,Flake King,Dry Special FX Products,Flakes,Dry Metal Flake (Glitter),FKK012001000,1000g (1 Kilo Trade Pack),FKK012001000,626.66,751.99,736.95,891.71,30.00%,438.66,515.87,6,£500.00,55.00%,282,331.63,12,"£2,000.00",3926.90.97,GB,500
fk-2524,Kromatic Show Krome Metal Flake,Flake King,Dry Special FX Products,Flakes,Dry Metal Flake (Glitter),FKK01200100,100g Jar (Refill / Trade),FKK01200100,64.88,77.86,76.3,92.32,30.00%,45.42,53.41,6,£500.00,55.00%,29.2,34.33,12,"£2,000.00",3926.90.97,GB,500
fk-2524,Kromatic Show Krome Metal Flake,Flake King,Dry Special FX Products,Flakes,Dry Metal Flake (Glitter),FKK0120030,30g Jar (Gun Mount),FKK0120030,20.46,24.55,24.06,29.11,30.00%,14.32,16.84,6,£500.00,55.00%,9.21,10.83,12,"£2,000.00",3926.90.97,GB,500
fk-2426,Flake King 1000 Nozzle,Flake King,Paint & Spray Equipment,Dry Flake Guns,Flake King Gun Accessories,FOM1000NZS,Small Nozzle,FOM1000NZS,5.55,6.66,6.53,7.9,25.00%,4.16,4.87,6,£500.00,40.00%,3.33,3.9,12,"£2,000.00",8424.90.00,GB,500
fk-2426,Flake King 1000 Nozzle,Flake King,Paint & Spray Equipment,Dry Flake Guns,Flake King Gun Accessories,FOM1000NZM,Medium Nozzle,FOM1000NZM,5.55,6.66,6.53,7.9,25.00%,4.16,4.87,6,£500.00,40.00%,3.33,3.9,12,"£2,000.00",8424.90.00,GB,500
fk-2426,Flake King 1000 Nozzle,Flake King,Paint & Spray Equipment,Dry Flake Guns,Flake King Gun Accessories,FOM1000NZL,Large Nozzle,FOM1000NZL,5.55,6.66,6.53,7.9,25.00%,4.16,4.87,6,£500.00,40.00%,3.33,3.9,12,"£2,000.00",8424.90.00,GB,500
fk-2423,FOM 1000/1050 100g Jar and Standard Lid,Flake King,Paint & Spray Equipment,Dry Flake Guns,Flake King Gun Accessories,FOM1000Jar,Default Title,FOM1000Jar,1.65,1.98,1.94,2.35,24.80%,1.24,1.45,6,£500.00,40.00%,0.99,1.16,12,"£2,000.00",8424.90.00,GB,500
fk-2415,FK100 Prime Black Base,Flake King,Solvent Paints,Base Coat,Basecoats & Binders,FK100100,100ml,FK100100,10.28,12.34,12.09,14.63,25.00%,7.71,9.02,6,£500.00,50.00%,5.14,6.01,12,"£2,000.00",3208.90.19,GB,500
fk-2415,FK100 Prime Black Base,Flake King,Solvent Paints,Base Coat,Basecoats & Binders,FK100500,500ml,FK100500,45.86,55.03,53.93,65.26,25.00%,34.39,40.24,6,£500.00,50.00%,22.93,26.83,12,"£2,000.00",3208.90.19,GB,500
fk-2415,FK100 Prime Black Base,Flake King,Solvent Paints,Base Coat,Basecoats & Binders,FK1001000,1000ml,FK1001000,104.72,125.66,123.15,149.01,25.00%,78.54,91.89,6,£500.00,50.00%,52.36,61.26,12,"£2,000.00",3208.90.19,GB,500
fk-2409,FK55 Thinner,Flake King,Solvent Paints,Base Coat,Basecoats & Binders,FK5550,50ml,FK5550,5.6,6.72,6.59,7.97,25.00%,4.2,4.91,6,£500.00,50.00%,2.8,3.28,12,"£2,000.00",3814.00.90,GB,500
fk-2409,FK55 Thinner,Flake King,Solvent Paints,Base Coat,Basecoats & Binders,FK55100,100ml,FK55100,11.04,13.25,12.98,15.71,25.00%,8.28,9.69,6,£500.00,50.00%,5.52,6.46,12,"£2,000.00",3814.00.90,GB,500
fk-2401,FK50 Surface Binder,Flake King,Solvent Paints,Base Coat,Basecoats & Binders,FK5050,50ml,FK5050,4.99,5.99,5.87,7.1,25.10%,3.74,4.38,6,£500.00,50.10%,2.49,2.91,12,"£2,000.00",3208.90.19,GB,500
fk-2401,FK50 Surface Binder,Flake King,Solvent Paints,Base Coat,Basecoats & Binders,FK50100,100ml,FK50100,9.25,11.1,10.88,13.16,25.00%,6.94,8.12,6,£500.00,50.30%,4.6,5.38,12,"£2,000.00",3208.90.19,GB,500
fk-2401,FK50 Surface Binder,Flake King,Solvent Paints,Base Coat,Basecoats & Binders,FK50500,500ml,FK50500,40.36,48.43,47.46,57.43,25.00%,30.27,35.42,6,£500.00,50.00%,20.18,23.61,12,"£2,000.00",3208.90.19,GB,500
fk-2401,FK50 Surface Binder,Flake King,Solvent Paints,Base Coat,Basecoats & Binders,FK501000,1000ml,FK501000,79.72,95.66,93.75,113.44,25.00%,59.79,69.95,6,£500.00,50.00%,39.86,46.64,12,"£2,000.00",3208.90.19,GB,500
fk-2392,UltiMask Crepe Masking Tape,Flake King,Masking Products,Fine Line Tapes,Masking Products,ultimask-crepe-masking-tape,Default Title,ultimask-crepe-masking-tape,1.4,1.68,1.65,2,25.00%,1.05,1.23,6,£500.00,50.00%,0.7,0.82,12,"£2,000.00",4811.41.00,GB,500
fk-2380,Prime Flat Line Masking Tape,Flake King,Masking Products,Fine Line Tapes,Masking Products,prime-flat-line-masking-tape,Default Title,prime-flat-line-masking-tape,1.66,1.99,1.95,2.36,25.30%,1.24,1.45,6,£500.00,50.00%,0.83,0.97,12,"£2,000.00",3919.10.80,GB,500
fk-2375,Prime Orange Fine Line Mixed Set,Flake King,Masking Products,Fine Line Tapes,Masking Products,TPORMix,Default Title,TPORMix,15.83,19,18.62,22.53,25.00%,11.87,13.89,6,£500.00,50.50%,7.84,9.17,12,"£2,000.00",3919.10.80,GB,500
fk-2366,Prime Orange Fine Line,Flake King,Masking Products,Fine Line Tapes,Masking Products,prime-orange-fine-line,Default Title,prime-orange-fine-line,2.91,3.49,3.42,4.14,25.10%,2.18,2.55,6,£500.00,49.80%,1.46,1.71,12,"£2,000.00",3919.10.80,GB,500
fk-2361,Prime Green Fine Line Mixed Set,Flake King,Masking Products,Fine Line Tapes,Masking Products,TPGRMix,Default Title,TPGRMix,15.83,19,18.62,22.53,25.00%,11.87,13.89,6,£500.00,50.50%,7.84,9.17,12,"£2,000.00",3919.10.80,GB,500
fk-2352,Prime Green Fine Line Tape,Flake King,Masking Products,Fine Line Tapes,Masking Products,prime-green-fine-line-tape,Default Title,prime-green-fine-line-tape,2.91,3.49,3.42,4.14,25.10%,2.18,2.55,6,£500.00,49.80%,1.46,1.71,12,"£2,000.00",3919.10.80,GB,500
fk-2341,Kromatic Black Asteroid Metal Flake,Flake King,Dry Special FX Products,Flakes,Dry Metal Flake (Glitter),FKK132001000,1000g (1 Kilo Trade Pack),FKK132001000,151.9,182.28,178.63,216.14,30.00%,106.33,125.04,6,£500.00,55.00%,68.35,80.39,12,"£2,000.00",3926.90.97,GB,500
fk-2341,Kromatic Black Asteroid Metal Flake,Flake King,Dry Special FX Products,Flakes,Dry Metal Flake (Glitter),FKK13200100,100g Jar (Refill / Trade),FKK13200100,17.38,20.86,20.44,24.73,30.00%,12.17,14.31,6,£500.00,55.00%,7.82,9.2,12,"£2,000.00",3926.90.97,GB,500
fk-2341,Kromatic Black Asteroid Metal Flake,Flake King,Dry Special FX Products,Flakes,Dry Metal Flake (Glitter),FKK1320030,30g Jar (Gun Mount),FKK1320030,6.21,7.45,7.3,8.83,30.00%,4.35,5.11,6,£500.00,55.10%,2.79,3.29,12,"£2,000.00",3926.90.97,GB,500
fk-2330,Gun Metal Metal Flake,Flake King,Dry Special FX Products,Flakes,Dry Metal Flake (Glitter),FKS232001000,1000g (1 Kilo Trade Pack),FKS232001000,108.33,130,127.4,154.15,30.00%,75.83,89.18,6,£500.00,55.00%,48.75,57.33,12,"£2,000.00",8424.20.00,GB,500
fk-2330,Gun Metal Metal Flake,Flake King,Dry Special FX Products,Flakes,Dry Metal Flake (Glitter),FKS23200100,100g Jar (Refill / Trade),FKS23200100,12.49,14.99,14.69,17.77,30.00%,8.74,10.28,6,£500.00,55.00%,5.62,6.61,12,"£2,000.00",8424.20.00,GB,500
fk-2330,Gun Metal Metal Flake,Flake King,Dry Special FX Products,Flakes,Dry Metal Flake (Glitter),FKS2320030,30g Jar (Gun Mount),FKS2320030,4.71,5.65,5.54,6.7,29.90%,3.3,3.88,6,£500.00,55.00%,2.12,2.49,12,"£2,000.00",8424.20.00,GB,500
fk-2319,Kromatic Elvis Gold Metal Flake,Flake King,Dry Special FX Products,Flakes,Dry Metal Flake (Glitter),FKK022001000,1000g (1 Kilo Trade Pack),FKK022001000,151.9,182.28,178.63,216.14,30.00%,106.33,125.04,6,£500.00,55.00%,68.35,80.39,12,"£2,000.00",3926.90.97,GB,500
fk-2319,Kromatic Elvis Gold Metal Flake,Flake King,Dry Special FX Products,Flakes,Dry Metal Flake (Glitter),FKK02200100,100g Jar (Refill / Trade),FKK02200100,17.38,20.86,20.44,24.73,30.00%,12.17,14.31,6,£500.00,55.00%,7.82,9.2,12,"£2,000.00",3926.90.97,GB,500
fk-2319,Kromatic Elvis Gold Metal Flake,Flake King,Dry Special FX Products,Flakes,Dry Metal Flake (Glitter),FKK0220030,30g Jar (Gun Mount),FKK0220030,6.21,7.45,7.3,8.83,30.00%,4.35,5.11,6,£500.00,55.10%,2.79,3.29,12,"£2,000.00",3926.90.97,GB,500
fk-2308,Dragon Koi Flake,Flake King,Dry Special FX Products,Flakes,Dry Metal Flake (Glitter),dragon-koi-flake-1,1000g (1 Kilo Trade Pack),dragon-koi-flake-1,137.49,164.99,161.69,195.64,30.00%,96.24,113.18,6,£500.00,55.00%,61.87,72.76,12,"£2,000.00",3926.90.97,GB,500
fk-2308,Dragon Koi Flake,Flake King,Dry Special FX Products,Flakes,Dry Metal Flake (Glitter),dragon-koi-flake-2,100g Jar (Refill / Trade),dragon-koi-flake-2,16.66,19.99,19.59,23.7,30.00%,11.66,13.71,6,£500.00,55.00%,7.5,8.82,12,"£2,000.00",3926.90.97,GB,500
fk-2308,Dragon Koi Flake,Flake King,Dry Special FX Products,Flakes,Dry Metal Flake (Glitter),dragon-koi-flake-3,30g Jar (Gun Mount),dragon-koi-flake-3,5.41,6.49,6.36,7.7,29.90%,3.79,4.45,6,£500.00,55.10%,2.43,2.86,12,"£2,000.00",3926.90.97,GB,500
fk-2297,Water Dragon Flake,Flake King,Dry Special FX Products,Flakes,Dry Metal Flake (Glitter),water-dragon-flake-1,1000g (1 Kilo Trade Pack),water-dragon-flake-1,151.9,182.28,178.63,216.14,30.00%,106.33,125.04,6,£500.00,55.00%,68.35,80.39,12,"£2,000.00",3926.90.97,GB,500
fk-2297,Water Dragon Flake,Flake King,Dry Special FX Products,Flakes,Dry Metal Flake (Glitter),water-dragon-flake-2,100g Jar (Refill / Trade),water-dragon-flake-2,17.38,20.86,20.44,24.73,30.00%,12.17,14.31,6,£500.00,55.00%,7.82,9.2,12,"£2,000.00",3926.90.97,GB,500
fk-2297,Water Dragon Flake,Flake King,Dry Special FX Products,Flakes,Dry Metal Flake (Glitter),water-dragon-flake-3,30g Jar (Gun Mount),water-dragon-flake-3,6.21,7.45,7.3,8.83,30.00%,4.35,5.11,6,£500.00,55.10%,2.79,3.29,12,"£2,000.00",3926.90.97,GB,500
fk-2283,Candy Cobalt Blue Metal Flake,Flake King,Dry Special FX Products,Flakes,Dry Metal Flake (Glitter),FKS202001000,1000g (1 Kilo Trade Pack),FKS202001000,141.66,169.99,166.59,201.57,30.00%,99.16,116.61,6,£500.00,55.00%,63.75,74.97,12,"£2,000.00",3926.90.97,GB,500
fk-2283,Candy Cobalt Blue Metal Flake,Flake King,Dry Special FX Products,Flakes,Dry Metal Flake (Glitter),FKS20200100,100g Jar (Refill / Trade),FKS20200100,14.88,17.86,17.5,21.18,30.00%,10.42,12.25,6,£500.00,55.00%,6.7,7.87,12,"£2,000.00",3926.90.97,GB,500
fk-2283,Candy Cobalt Blue Metal Flake,Flake King,Dry Special FX Products,Flakes,Dry Metal Flake (Glitter),FKS2020030,30g Jar (Gun Mount),FKS2020030,5.46,6.55,6.42,7.77,30.00%,3.82,4.49,6,£500.00,54.90%,2.46,2.89,12,"£2,000.00",3926.90.97,GB,500
fk-2269,Candy Turquoise Blue Metal Flake,Flake King,Dry Special FX Products,Flakes,Dry Metal Flake (Glitter),FKS212001000,1000g (1 Kilo Trade Pack),FKS212001000,141.66,169.99,166.59,201.57,30.00%,99.16,116.61,6,£500.00,55.00%,63.75,74.97,12,"£2,000.00",3926.90.97,GB,500
fk-2269,Candy Turquoise Blue Metal Flake,Flake King,Dry Special FX Products,Flakes,Dry Metal Flake (Glitter),FKS21200100,100g Jar (Refill / Trade),FKS21200100,14.88,17.86,17.5,21.18,30.00%,10.42,12.25,6,£500.00,55.00%,6.7,7.87,12,"£2,000.00",3926.90.97,GB,500
fk-2269,Candy Turquoise Blue Metal Flake,Flake King,Dry Special FX Products,Flakes,Dry Metal Flake (Glitter),FKS2120030,30g Jar (Gun Mount),FKS2120030,5.46,6.55,6.42,7.77,30.00%,3.82,4.49,6,£500.00,54.90%,2.46,2.89,12,"£2,000.00",3926.90.97,GB,500
fk-2255,Candy Azura Blue Metal Flake,Flake King,Dry Special FX Products,Flakes,Dry Metal Flake (Glitter),FKS192001000,1000g (1 Kilo Trade Pack),FKS192001000,141.66,169.99,166.59,201.57,30.00%,99.16,116.61,6,£500.00,55.00%,63.75,74.97,12,"£2,000.00",3926.90.97,GB,500
fk-2255,Candy Azura Blue Metal Flake,Flake King,Dry Special FX Products,Flakes,Dry Metal Flake (Glitter),FKS19200100,100g Jar (Refill / Trade),FKS19200100,14.88,17.86,17.5,21.18,30.00%,10.42,12.25,6,£500.00,55.00%,6.7,7.87,12,"£2,000.00",3926.90.97,GB,500
fk-2255,Candy Azura Blue Metal Flake,Flake King,Dry Special FX Products,Flakes,Dry Metal Flake (Glitter),FKS1920030,30g Jar (Gun Mount),FKS1920030,5.46,6.55,6.42,7.77,30.00%,3.82,4.49,6,£500.00,54.90%,2.46,2.89,12,"£2,000.00",3926.90.97,GB,500
fk-2244,Kromatic Blue Flake,Flake King,Dry Special FX Products,Flakes,Dry Metal Flake (Glitter),kromatic-blue-flake-1,1000g (1 Kilo Trade Pack),kromatic-blue-flake-1,151.9,182.28,178.63,216.14,30.00%,106.33,125.04,6,£500.00,55.00%,68.35,80.39,12,"£2,000.00",3926.90.97,GB,500
fk-2244,Kromatic Blue Flake,Flake King,Dry Special FX Products,Flakes,Dry Metal Flake (Glitter),kromatic-blue-flake-2,100g Jar (Refill / Trade),kromatic-blue-flake-2,17.38,20.86,20.44,24.73,30.00%,12.17,14.31,6,£500.00,55.00%,7.82,9.2,12,"£2,000.00",3926.90.97,GB,500
fk-2244,Kromatic Blue Flake,Flake King,Dry Special FX Products,Flakes,Dry Metal Flake (Glitter),kromatic-blue-flake-3,30g Jar (Gun Mount),kromatic-blue-flake-3,6.21,7.45,7.3,8.83,30.00%,4.35,5.11,6,£500.00,55.10%,2.79,3.29,12,"£2,000.00",3926.90.97,GB,500
fk-2233,Candy Light Blue Metal Flake,Flake King,Dry Special FX Products,Flakes,Dry Metal Flake (Glitter),FKS182001000,1000g (1 Kilo Trade Pack),FKS182001000,108.33,130,127.4,154.15,30.00%,75.83,89.18,6,£500.00,55.00%,48.75,57.33,12,"£2,000.00",3926.90.97,GB,500
fk-2233,Candy Light Blue Metal Flake,Flake King,Dry Special FX Products,Flakes,Dry Metal Flake (Glitter),FKS18200100,100g Jar (Refill / Trade),FKS18200100,12.49,14.99,14.69,17.77,30.00%,8.74,10.28,6,£500.00,55.00%,5.62,6.61,12,"£2,000.00",3926.90.97,GB,500
fk-2233,Candy Light Blue Metal Flake,Flake King,Dry Special FX Products,Flakes,Dry Metal Flake (Glitter),FKS1820030,30g Jar (Gun Mount),FKS1820030,4.71,5.65,5.54,6.7,29.90%,3.3,3.88,6,£500.00,55.00%,2.12,2.49,12,"£2,000.00",3926.90.97,GB,500
fk-2222,Kromatic Poison Green Metal Flake,Flake King,Dry Special FX Products,Flakes,Dry Metal Flake (Glitter),FKK122001000,1000g (1 Kilo Trade Pack),FKK122001000,151.9,182.28,178.63,216.14,30.00%,106.33,125.04,6,£500.00,55.00%,68.35,80.39,12,"£2,000.00",3926.90.97,GB,500
fk-2222,Kromatic Poison Green Metal Flake,Flake King,Dry Special FX Products,Flakes,Dry Metal Flake (Glitter),FKK12200100,100g Jar (Refill / Trade),FKK12200100,17.38,20.86,20.44,24.73,30.00%,12.17,14.31,6,£500.00,55.00%,7.82,9.2,12,"£2,000.00",3926.90.97,GB,500
fk-2222,Kromatic Poison Green Metal Flake,Flake King,Dry Special FX Products,Flakes,Dry Metal Flake (Glitter),FKK1220030,30g Jar (Gun Mount),FKK1220030,6.21,7.45,7.3,8.83,30.00%,4.35,5.11,6,£500.00,55.10%,2.79,3.29,12,"£2,000.00",3926.90.97,GB,500
fk-2208,Candy Emerald Green Metal Flake,Flake King,Dry Special FX Products,Flakes,Dry Metal Flake (Glitter),FKS172001000,1000g (1 Kilo Trade Pack),FKS172001000,141.66,169.99,166.59,201.57,30.00%,99.16,116.61,6,£500.00,55.00%,63.75,74.97,12,"£2,000.00",3926.90.97,GB,500
fk-2208,Candy Emerald Green Metal Flake,Flake King,Dry Special FX Products,Flakes,Dry Metal Flake (Glitter),FKS17200100,100g Jar (Refill / Trade),FKS17200100,14.88,17.86,17.5,21.18,30.00%,10.42,12.25,6,£500.00,55.00%,6.7,7.87,12,"£2,000.00",3926.90.97,GB,500
fk-2208,Candy Emerald Green Metal Flake,Flake King,Dry Special FX Products,Flakes,Dry Metal Flake (Glitter),FKS1720030,30g Jar (Gun Mount),FKS1720030,5.46,6.55,6.42,7.77,30.00%,3.82,4.49,6,£500.00,54.90%,2.46,2.89,12,"£2,000.00",3926.90.97,GB,500
fk-2194,Candy Poison Green Metal Flake,Flake King,Dry Special FX Products,Flakes,Dry Metal Flake (Glitter),FKS162001000,1000g (1 Kilo Trade Pack),FKS162001000,141.66,169.99,166.59,201.57,30.00%,99.16,116.61,6,£500.00,55.00%,63.75,74.97,12,"£2,000.00",3926.90.97,GB,500
fk-2194,Candy Poison Green Metal Flake,Flake King,Dry Special FX Products,Flakes,Dry Metal Flake (Glitter),FKS16200100,100g Jar (Refill / Trade),FKS16200100,14.88,17.86,17.5,21.18,30.00%,10.42,12.25,6,£500.00,55.00%,6.7,7.87,12,"£2,000.00",3926.90.97,GB,500
fk-2194,Candy Poison Green Metal Flake,Flake King,Dry Special FX Products,Flakes,Dry Metal Flake (Glitter),FKS1620030,30g Jar (Gun Mount),FKS1620030,5.46,6.55,6.42,7.77,30.00%,3.82,4.49,6,£500.00,54.90%,2.46,2.89,12,"£2,000.00",3926.90.97,GB,500
fk-2183,Candy Lime Green Metal Flake,Flake King,Dry Special FX Products,Flakes,Dry Metal Flake (Glitter),FKS152001000,1000g (1 Kilo Trade Pack),FKS152001000,108.33,130,127.4,154.15,30.00%,75.83,89.18,6,£500.00,55.00%,48.75,57.33,12,"£2,000.00",3926.90.97,GB,500
fk-2183,Candy Lime Green Metal Flake,Flake King,Dry Special FX Products,Flakes,Dry Metal Flake (Glitter),FKS15200100,100g Jar (Refill / Trade),FKS15200100,12.49,14.99,14.69,17.77,30.00%,8.74,10.28,6,£500.00,55.00%,5.62,6.61,12,"£2,000.00",3926.90.97,GB,500
fk-2183,Candy Lime Green Metal Flake,Flake King,Dry Special FX Products,Flakes,Dry Metal Flake (Glitter),FKS1520030,30g Jar (Gun Mount),FKS1520030,4.71,5.65,5.54,6.7,29.90%,3.3,3.88,6,£500.00,55.00%,2.12,2.49,12,"£2,000.00",3926.90.97,GB,500
fk-2172,Candy Peacock Metal Flake,Flake King,Dry Special FX Products,Flakes,Dry Metal Flake (Glitter),FKM242001000,1000g (1 Kilo Trade Pack),FKM242001000,108.33,130,127.4,154.15,30.00%,75.83,89.18,6,£500.00,55.00%,48.75,57.33,12,"£2,000.00",3926.90.97,GB,500
fk-2172,Candy Peacock Metal Flake,Flake King,Dry Special FX Products,Flakes,Dry Metal Flake (Glitter),FKM24200100,100g Jar (Refill / Trade),FKM24200100,12.49,14.99,14.69,17.77,30.00%,8.74,10.28,6,£500.00,55.00%,5.62,6.61,12,"£2,000.00",3926.90.97,GB,500
fk-2172,Candy Peacock Metal Flake,Flake King,Dry Special FX Products,Flakes,Dry Metal Flake (Glitter),FKM2420030,30g Jar (Gun Mount),FKM2420030,4.71,5.65,5.54,6.7,29.90%,3.3,3.88,6,£500.00,55.00%,2.12,2.49,12,"£2,000.00",3926.90.97,GB,500
fk-2158,Candy Purple Heart Metal Flake,Flake King,Dry Special FX Products,Flakes,Dry Metal Flake (Glitter),FKS142001000,1000g (1 Kilo Trade Pack),FKS142001000,141.66,169.99,166.59,201.57,30.00%,99.16,116.61,6,£500.00,55.00%,63.75,74.97,12,"£2,000.00",3926.90.97,GB,500
fk-2158,Candy Purple Heart Metal Flake,Flake King,Dry Special FX Products,Flakes,Dry Metal Flake (Glitter),FKS14200100,100g Jar (Refill / Trade),FKS14200100,14.88,17.86,17.5,21.18,30.00%,10.42,12.25,6,£500.00,55.00%,6.7,7.87,12,"£2,000.00",3926.90.97,GB,500
fk-2158,Candy Purple Heart Metal Flake,Flake King,Dry Special FX Products,Flakes,Dry Metal Flake (Glitter),FKS1420030,30g Jar (Gun Mount),FKS1420030,5.46,6.55,6.42,7.77,30.00%,3.82,4.49,6,£500.00,54.90%,2.46,2.89,12,"£2,000.00",3926.90.97,GB,500
fk-2147,Sky Purple Metal Flake,Flake King,Dry Special FX Products,Flakes,Dry Metal Flake (Glitter),FKM222001000,1000g (1 Kilo Trade Pack),FKM222001000,108.33,130,127.4,154.15,30.00%,75.83,89.18,6,£500.00,55.00%,48.75,57.33,12,"£2,000.00",3926.90.97,GB,500
fk-2147,Sky Purple Metal Flake,Flake King,Dry Special FX Products,Flakes,Dry Metal Flake (Glitter),FKM22200100,100g Jar (Refill / Trade),FKM22200100,12.49,14.99,14.69,17.77,30.00%,8.74,10.28,6,£500.00,55.00%,5.62,6.61,12,"£2,000.00",3926.90.97,GB,500
fk-2147,Sky Purple Metal Flake,Flake King,Dry Special FX Products,Flakes,Dry Metal Flake (Glitter),FKM2220030,30g Jar (Gun Mount),FKM2220030,4.71,5.65,5.54,6.7,29.90%,3.3,3.88,6,£500.00,55.00%,2.12,2.49,12,"£2,000.00",3926.90.97,GB,500
fk-2133,Candy Fewsha Metal Flake,Flake King,Dry Special FX Products,Flakes,Dry Metal Flake (Glitter),FKS112001000,1000g (1 Kilo Trade Pack),FKS112001000,141.66,169.99,166.59,201.57,30.00%,99.16,116.61,6,£500.00,55.00%,63.75,74.97,12,"£2,000.00",3926.90.97,GB,500
fk-2133,Candy Fewsha Metal Flake,Flake King,Dry Special FX Products,Flakes,Dry Metal Flake (Glitter),FKS11200100,100g Jar (Refill / Trade),FKS11200100,14.88,17.86,17.5,21.18,30.00%,10.42,12.25,6,£500.00,55.00%,6.7,7.87,12,"£2,000.00",3926.90.97,GB,500
fk-2133,Candy Fewsha Metal Flake,Flake King,Dry Special FX Products,Flakes,Dry Metal Flake (Glitter),FKS1120030,30g Jar (Gun Mount),FKS1120030,5.46,6.55,6.42,7.77,30.00%,3.82,4.49,6,£500.00,54.90%,2.46,2.89,12,"£2,000.00",3926.90.97,GB,500
fk-2122,Kromatic Lavender Metal Flake,Flake King,Dry Special FX Products,Flakes,Dry Metal Flake (Glitter),FKK082001000,1000g (1 Kilo Trade Pack),FKK082001000,151.9,182.28,178.63,216.14,30.00%,106.33,125.04,6,£500.00,55.00%,68.35,80.39,12,"£2,000.00",3926.90.97,GB,500
fk-2122,Kromatic Lavender Metal Flake,Flake King,Dry Special FX Products,Flakes,Dry Metal Flake (Glitter),FKK08200100,100g Jar (Refill / Trade),FKK08200100,17.38,20.86,20.44,24.73,30.00%,12.17,14.31,6,£500.00,55.00%,7.82,9.2,12,"£2,000.00",3926.90.97,GB,500
fk-2122,Kromatic Lavender Metal Flake,Flake King,Dry Special FX Products,Flakes,Dry Metal Flake (Glitter),FKK0820030,30g Jar (Gun Mount),FKK0820030,6.21,7.45,7.3,8.83,30.00%,4.35,5.11,6,£500.00,55.10%,2.79,3.29,12,"£2,000.00",3926.90.97,GB,500
fk-2111,Kromatic Bubble Gum Metal Flake,Flake King,Dry Special FX Products,Flakes,Dry Metal Flake (Glitter),FKK112001000,1000g (1 Kilo Trade Pack),FKK112001000,151.9,182.28,178.63,216.14,30.00%,106.33,125.04,6,£500.00,55.00%,68.35,80.39,12,"£2,000.00",3926.90.97,GB,500
fk-2111,Kromatic Bubble Gum Metal Flake,Flake King,Dry Special FX Products,Flakes,Dry Metal Flake (Glitter),FKK11200100,100g Jar (Refill / Trade),FKK11200100,17.38,20.86,20.44,24.73,30.00%,12.17,14.31,6,£500.00,55.00%,7.82,9.2,12,"£2,000.00",3926.90.97,GB,500
fk-2111,Kromatic Bubble Gum Metal Flake,Flake King,Dry Special FX Products,Flakes,Dry Metal Flake (Glitter),FKK1120030,30g Jar (Gun Mount),FKK1120030,6.21,7.45,7.3,8.83,30.00%,4.35,5.11,6,£500.00,55.10%,2.79,3.29,12,"£2,000.00",3926.90.97,GB,500
fk-2104,Candy Pink Metal Flake,Flake King,Dry Special FX Products,Flakes,Dry Metal Flake (Glitter),FKS122001000,1000g (1 Kilo Trade Pack),FKS122001000,108.33,130,127.4,154.15,30.00%,75.83,89.18,6,£500.00,55.00%,48.75,57.33,12,"£2,000.00",3926.90.97,GB,500
fk-2104,Candy Pink Metal Flake,Flake King,Dry Special FX Products,Flakes,Dry Metal Flake (Glitter),FKS12200100,100g Jar (Refill / Trade),FKS12200100,12.49,14.99,14.69,17.77,30.00%,8.74,10.28,6,£500.00,55.00%,5.62,6.61,12,"£2,000.00",3926.90.97,GB,500
fk-2104,Candy Pink Metal Flake,Flake King,Dry Special FX Products,Flakes,Dry Metal Flake (Glitter),FKS1220030,30g Jar (Gun Mount),FKS1220030,4.71,5.65,5.54,6.7,29.90%,3.3,3.88,6,£500.00,55.00%,2.12,2.49,12,"£2,000.00",3926.90.97,GB,500
fk-2097,Fire Purple Metal Flake,Flake King,Dry Special FX Products,Flakes,Dry Metal Flake (Glitter),FKM252001000,1000g (1 Kilo Trade Pack),FKM252001000,108.33,130,127.4,154.15,30.00%,75.83,89.18,6,£500.00,55.00%,48.75,57.33,12,"£2,000.00",3926.90.97,GB,500
fk-2097,Fire Purple Metal Flake,Flake King,Dry Special FX Products,Flakes,Dry Metal Flake (Glitter),FKM25200100,100g Jar (Refill / Trade),FKM25200100,12.49,14.99,14.69,17.77,30.00%,8.74,10.28,6,£500.00,55.00%,5.62,6.61,12,"£2,000.00",3926.90.97,GB,500
fk-2097,Fire Purple Metal Flake,Flake King,Dry Special FX Products,Flakes,Dry Metal Flake (Glitter),FKM2520030,30g Jar (Gun Mount),FKM2520030,4.71,5.65,5.54,6.7,29.90%,3.3,3.88,6,£500.00,55.00%,2.12,2.49,12,"£2,000.00",3926.90.97,GB,500
fk-2090,Kromatic Volcano Red Metal Flake,Flake King,Dry Special FX Products,Flakes,Dry Metal Flake (Glitter),FKK042001000,1000g (1 Kilo Trade Pack),FKK042001000,151.9,182.28,178.63,216.14,30.00%,106.33,125.04,6,£500.00,55.00%,68.35,80.39,12,"£2,000.00",3926.90.97,GB,500
fk-2090,Kromatic Volcano Red Metal Flake,Flake King,Dry Special FX Products,Flakes,Dry Metal Flake (Glitter),FKK04200100,100g Jar (Refill / Trade),FKK04200100,17.38,20.86,20.44,24.73,30.00%,12.17,14.31,6,£500.00,55.00%,7.82,9.2,12,"£2,000.00",3926.90.97,GB,500
fk-2090,Kromatic Volcano Red Metal Flake,Flake King,Dry Special FX Products,Flakes,Dry Metal Flake (Glitter),FKK0420030,30g Jar (Gun Mount),FKK0420030,6.21,7.45,7.3,8.83,30.00%,4.35,5.11,6,£500.00,55.10%,2.79,3.29,12,"£2,000.00",3926.90.97,GB,500
fk-2080,Candy Bright Red Metal Flake,Flake King,Dry Special FX Products,Flakes,Dry Metal Flake (Glitter),FKS102001000,1000g (1 Kilo Trade Pack),FKS102001000,141.66,169.99,166.59,201.57,30.00%,99.16,116.61,6,£500.00,55.00%,63.75,74.97,12,"£2,000.00",3926.90.97,GB,500
fk-2080,Candy Bright Red Metal Flake,Flake King,Dry Special FX Products,Flakes,Dry Metal Flake (Glitter),FKS10200100,100g Jar (Refill / Trade),FKS10200100,14.88,17.86,17.5,21.18,30.00%,10.42,12.25,6,£500.00,55.00%,6.7,7.87,12,"£2,000.00",3926.90.97,GB,500
fk-2080,Candy Bright Red Metal Flake,Flake King,Dry Special FX Products,Flakes,Dry Metal Flake (Glitter),FKS1020030,30g Jar (Gun Mount),FKS1020030,5.46,6.55,6.42,7.77,30.00%,3.82,4.49,6,£500.00,54.90%,2.46,2.89,12,"£2,000.00",3926.90.97,GB,500
fk-2070,Candy Apple Red Metal Flake,Flake King,Dry Special FX Products,Flakes,Dry Metal Flake (Glitter),FKS092001000,1000g (1 Kilo Trade Pack),FKS092001000,141.66,169.99,166.59,201.57,30.00%,99.16,116.61,6,£500.00,55.00%,63.75,74.97,12,"£2,000.00",3926.90.97,GB,500
fk-2070,Candy Apple Red Metal Flake,Flake King,Dry Special FX Products,Flakes,Dry Metal Flake (Glitter),FKS09200100,100g Jar (Refill / Trade),FKS09200100,14.88,17.86,17.5,21.18,30.00%,10.42,12.25,6,£500.00,55.00%,6.7,7.87,12,"£2,000.00",3926.90.97,GB,500
fk-2070,Candy Apple Red Metal Flake,Flake King,Dry Special FX Products,Flakes,Dry Metal Flake (Glitter),FKS0920030,30g Jar (Gun Mount),FKS0920030,5.46,6.55,6.42,7.77,30.00%,3.82,4.49,6,£500.00,54.90%,2.46,2.89,12,"£2,000.00",3926.90.97,GB,500
fk-2060,Candy Tangy Orange Metal Flake,Flake King,Dry Special FX Products,Flakes,Dry Metal Flake (Glitter),FKS082001000,1000g (1 Kilo Trade Pack),FKS082001000,141.66,169.99,166.59,201.57,30.00%,99.16,116.61,6,£500.00,55.00%,63.75,74.97,12,"£2,000.00",3926.90.97,GB,500
fk-2060,Candy Tangy Orange Metal Flake,Flake King,Dry Special FX Products,Flakes,Dry Metal Flake (Glitter),FKS08200100,100g Jar (Refill / Trade),FKS08200100,14.88,17.86,17.5,21.18,30.00%,10.42,12.25,6,£500.00,55.00%,6.7,7.87,12,"£2,000.00",3926.90.97,GB,500
fk-2060,Candy Tangy Orange Metal Flake,Flake King,Dry Special FX Products,Flakes,Dry Metal Flake (Glitter),FKS0820030,30g Jar (Gun Mount),FKS0820030,5.46,6.55,6.42,7.77,30.00%,3.82,4.49,6,£500.00,54.90%,2.46,2.89,12,"£2,000.00",3926.90.97,GB,500
fk-2053,Fizzy Green Metal Flake,Flake King,Dry Special FX Products,Flakes,Dry Metal Flake (Glitter),FKM232001000,1000g (1 Kilo Trade Pack),FKM232001000,108.33,130,127.4,154.15,30.00%,75.83,89.18,6,£500.00,55.00%,48.75,57.33,12,"£2,000.00",3926.90.97,GB,500
fk-2053,Fizzy Green Metal Flake,Flake King,Dry Special FX Products,Flakes,Dry Metal Flake (Glitter),FKM23200100,100g Jar (Refill / Trade),FKM23200100,12.49,14.99,14.69,17.77,30.00%,8.74,10.28,6,£500.00,55.00%,5.62,6.61,12,"£2,000.00",3926.90.97,GB,500
fk-2053,Fizzy Green Metal Flake,Flake King,Dry Special FX Products,Flakes,Dry Metal Flake (Glitter),FKM2320030,30g Jar (Gun Mount),FKM2320030,4.71,5.65,5.54,6.7,29.90%,3.3,3.88,6,£500.00,55.00%,2.12,2.49,12,"£2,000.00",3926.90.97,GB,500
fk-2043,Candy Extreme Yellow Metal Flake,Flake King,Dry Special FX Products,Flakes,Dry Metal Flake (Glitter),FKS072001000,1000g (1 Kilo Trade Pack),FKS072001000,141.66,169.99,166.59,201.57,30.00%,99.16,116.61,6,£500.00,55.00%,63.75,74.97,12,"£2,000.00",3926.90.97,GB,500
fk-2043,Candy Extreme Yellow Metal Flake,Flake King,Dry Special FX Products,Flakes,Dry Metal Flake (Glitter),FKS07200100,100g Jar (Refill / Trade),FKS07200100,14.88,17.86,17.5,21.18,30.00%,10.42,12.25,6,£500.00,55.00%,6.7,7.87,12,"£2,000.00",3926.90.97,GB,500
fk-2043,Candy Extreme Yellow Metal Flake,Flake King,Dry Special FX Products,Flakes,Dry Metal Flake (Glitter),FKS0720030,30g Jar (Gun Mount),FKS0720030,5.46,6.55,6.42,7.77,30.00%,3.82,4.49,6,£500.00,54.90%,2.46,2.89,12,"£2,000.00",3926.90.97,GB,500
fk-2036,Nevada Sands Metal Flake,Flake King,Dry Special FX Products,Flakes,Dry Metal Flake (Glitter),FKS062001000,1000g (1 Kilo Trade Pack),FKS062001000,108.33,130,127.4,154.15,30.00%,75.83,89.18,6,£500.00,55.00%,48.75,57.33,12,"£2,000.00",3926.90.97,GB,500
fk-2036,Nevada Sands Metal Flake,Flake King,Dry Special FX Products,Flakes,Dry Metal Flake (Glitter),FKS06200100,100g Jar (Refill / Trade),FKS06200100,12.49,14.99,14.69,17.77,30.00%,8.74,10.28,6,£500.00,55.00%,5.62,6.61,12,"£2,000.00",3926.90.97,GB,500
fk-2036,Nevada Sands Metal Flake,Flake King,Dry Special FX Products,Flakes,Dry Metal Flake (Glitter),FKS0620030,30g Jar (Gun Mount),FKS0620030,4.71,5.65,5.54,6.7,29.90%,3.3,3.88,6,£500.00,55.00%,2.12,2.49,12,"£2,000.00",3926.90.97,GB,500
fk-2029,Kromatic Copper Head Metal Flake,Flake King,Dry Special FX Products,Flakes,Dry Metal Flake (Glitter),FKK032001000,1000g (1 Kilo Trade Pack),FKK032001000,151.9,182.28,178.63,216.14,30.00%,106.33,125.04,6,£500.00,55.00%,68.35,80.39,12,"£2,000.00",3926.90.97,GB,500
fk-2029,Kromatic Copper Head Metal Flake,Flake King,Dry Special FX Products,Flakes,Dry Metal Flake (Glitter),FKK03200100,100g Jar (Refill / Trade),FKK03200100,17.38,20.86,20.44,24.73,30.00%,12.17,14.31,6,£500.00,55.00%,7.82,9.2,12,"£2,000.00",3926.90.97,GB,500
fk-2029,Kromatic Copper Head Metal Flake,Flake King,Dry Special FX Products,Flakes,Dry Metal Flake (Glitter),FKK0320030,30g Jar (Gun Mount),FKK0320030,6.21,7.45,7.3,8.83,30.00%,4.35,5.11,6,£500.00,55.10%,2.79,3.29,12,"£2,000.00",3926.90.97,GB,500
fk-2022,Candy Copper Head Metal Flake,Flake King,Dry Special FX Products,Flakes,Dry Metal Flake (Glitter),FKS052001000,1000g (1 Kilo Trade Pack),FKS052001000,108.33,130,127.4,154.15,30.00%,75.83,89.18,6,£500.00,55.00%,48.75,57.33,12,"£2,000.00",3926.90.97,GB,500
fk-2022,Candy Copper Head Metal Flake,Flake King,Dry Special FX Products,Flakes,Dry Metal Flake (Glitter),FKS05200100,100g Jar (Refill / Trade),FKS05200100,12.49,14.99,14.69,17.77,30.00%,8.74,10.28,6,£500.00,55.00%,5.62,6.61,12,"£2,000.00",3926.90.97,GB,500
fk-2022,Candy Copper Head Metal Flake,Flake King,Dry Special FX Products,Flakes,Dry Metal Flake (Glitter),FKS0520030,30g Jar (Gun Mount),FKS0520030,4.71,5.65,5.54,6.7,29.90%,3.3,3.88,6,£500.00,55.00%,2.12,2.49,12,"£2,000.00",3926.90.97,GB,500
fk-2015,Candy Righteous Gold Metal Flake,Flake King,Dry Special FX Products,Flakes,Dry Metal Flake (Glitter),FKS042001000,1000g (1 Kilo Trade Pack),FKS042001000,108.33,130,127.4,154.15,30.00%,75.83,89.18,6,£500.00,55.00%,48.75,57.33,12,"£2,000.00",3926.90.97,GB,500
fk-2015,Candy Righteous Gold Metal Flake,Flake King,Dry Special FX Products,Flakes,Dry Metal Flake (Glitter),FKS04200100,100g Jar (Refill / Trade),FKS04200100,12.49,14.99,14.69,17.77,30.00%,8.74,10.28,6,£500.00,55.00%,5.62,6.61,12,"£2,000.00",3926.90.97,GB,500
fk-2015,Candy Righteous Gold Metal Flake,Flake King,Dry Special FX Products,Flakes,Dry Metal Flake (Glitter),FKS0420030,30g Jar (Gun Mount),FKS0420030,4.71,5.65,5.54,6.7,29.90%,3.3,3.88,6,£500.00,55.00%,2.12,2.49,12,"£2,000.00",3926.90.97,GB,500
fk-2005,Candy Sovereign Gold Metal Flake,Flake King,Dry Special FX Products,Flakes,Dry Metal Flake (Glitter),FKS032001000,1000g (1 Kilo Trade Pack),FKS032001000,141.66,169.99,166.59,201.57,30.00%,99.16,116.61,6,£500.00,55.00%,63.75,74.97,12,"£2,000.00",3926.90.97,GB,500
fk-2005,Candy Sovereign Gold Metal Flake,Flake King,Dry Special FX Products,Flakes,Dry Metal Flake (Glitter),FKS03200100,100g Jar (Refill / Trade),FKS03200100,12.49,14.99,14.69,17.77,30.00%,8.74,10.28,6,£500.00,55.00%,5.62,6.61,12,"£2,000.00",3926.90.97,GB,500
fk-2005,Candy Sovereign Gold Metal Flake,Flake King,Dry Special FX Products,Flakes,Dry Metal Flake (Glitter),FKS0320030,30g Jar (Gun Mount),FKS0320030,5.46,6.55,6.42,7.77,30.00%,3.82,4.49,6,£500.00,54.90%,2.46,2.89,12,"£2,000.00",3926.90.97,GB,500
fk-1992,Candy Elvis Gold Metal Flake,Flake King,Dry Special FX Products,Flakes,Dry Metal Flake (Glitter),FKS022001000,1000g (1 Kilo Trade Pack),FKS022001000,333.33,400,392,474.32,30.00%,233.33,274.4,6,£500.00,55.00%,150,176.4,12,"£2,000.00",3926.90.97,GB,500
fk-1992,Candy Elvis Gold Metal Flake,Flake King,Dry Special FX Products,Flakes,Dry Metal Flake (Glitter),FKS02200100,100g Jar (Refill / Trade),FKS02200100,33.63,40.36,39.55,47.86,30.00%,23.54,27.68,6,£500.00,55.00%,15.13,17.8,12,"£2,000.00",3926.90.97,GB,500
fk-1992,Candy Elvis Gold Metal Flake,Flake King,Dry Special FX Products,Flakes,Dry Metal Flake (Glitter),FKS0220030,30g Jar (Gun Mount),FKS0220030,11.08,13.3,13.03,15.77,30.00%,7.76,9.12,6,£500.00,55.00%,4.99,5.86,12,"£2,000.00",3926.90.97,GB,500
fk-1972,Flake King 1050 Dry Metal Flake Gun,Flake King,Paint & Spray Equipment,Dry Flake Guns,Dry Metal Flake Guns,FOM1050,Default Title,FOM1050,108.33,130,127.4,154.15,25.00%,81.25,95.06,6,£500.00,55.00%,48.75,57.04,12,"£2,000.00",8424.20.00,GB,500
fk-1970,Flake King 550 Mini Dry Metal Flake Gun,Flake King,Paint & Spray Equipment,Dry Flake Guns,Dry Metal Flake Guns,FOM550,Default Title,FOM550,99.99,119.99,117.59,142.28,25.00%,74.99,87.74,6,£500.00,55.00%,45,52.65,12,"£2,000.00",8424.20.00,GB,500
va-635,VsionAir Ice Hockey Goalie Mask Jig (VAX-JG-GLMSK),VsionAir,Workstations & Jigs,Work-Holding Jigs,Work-Holding Jigs,VAX-JG-GLMSK,Default Title,VAX-JG-GLMSK,0,0,0,0,30.00%,0,0,6,£500.00,55.00%,0,0,12,"£2,000.00",8479.89.97,GB,500
va-627,"VAX Lighting, Camera & Dual Vertical Tool Bar Rig 1.5m (VAX-LCT-RIG-1500)",VsionAir,Workstations & Jigs,Tool Bars & Lighting Rigs,Tool Bars & Lighting Rigs,VAX-LCT-RIG-1200-1,Default Title,VAX-LCT-RIG-1200-1,0,0,0,0,30.00%,0,0,6,£500.00,55.00%,0,0,12,"£2,000.00",7616.99.90,GB,500
va-494,VsionAir tm Canvass Jig 1000mm Spine (VAX-JG-CNVSS-1000),VsionAir,Workstations & Jigs,Work-Holding Jigs,Work-Holding Jigs,VAX-JG-CNVSS-1500-1,Default Title,VAX-JG-CNVSS-1500-1,0,0,0,0,30.00%,0,0,6,£500.00,55.00%,0,0,12,"£2,000.00",8479.89.97,GB,500
va-463,VAX-6W-KNB-M VsionAir M6 Wing Knob Male,VsionAir,Workstations & Jigs,"Fixings, Knobs & Hardware","Fixings, Knobs & Hardware",VAX-6W-KNB-M,Default Title,VAX-6W-KNB-M,0,0,0,0,30.00%,0,0,6,£500.00,55.00%,0,0,12,"£2,000.00",7318.15.95,GB,500
va-462,VAX-10-WSHR VsionAir M10 Washer for Desk Mount,VsionAir,Workstations & Jigs,"Fixings, Knobs & Hardware","Fixings, Knobs & Hardware",VAX-10-WSHR,Default Title,VAX-10-WSHR,0,0,0,0,30.00%,0,0,6,£500.00,55.00%,0,0,12,"£2,000.00",8479.89.97,GB,500
va-460,VAX-10-CB-100 VsionAir M10 x 100mm Coach Bolt for Desk Top Mount,VsionAir,Workstations & Jigs,"Fixings, Knobs & Hardware","Fixings, Knobs & Hardware",VAX-10-CB-100,Default Title,VAX-10-CB-100,0,0,0,0,30.00%,0,0,6,£500.00,55.00%,0,0,12,"£2,000.00",8479.89.97,GB,500
va-459,VAX-10STR-KNB-F VsionAir M10 Star Knob for Desk Mount,VsionAir,Workstations & Jigs,"Fixings, Knobs & Hardware","Fixings, Knobs & Hardware",VAX-10STR-KNB-F,Default Title,VAX-10STR-KNB-F,0,0,0,0,30.00%,0,0,6,£500.00,55.00%,0,0,12,"£2,000.00",8479.89.97,GB,500
va-458,VAX-620-CLMP VsionAir M6 Clamping Handle,VsionAir,Workstations & Jigs,"Fixings, Knobs & Hardware","Fixings, Knobs & Hardware",VAX-620-CLMP,Default Title,VAX-620-CLMP,0,0,0,0,30.00%,0,0,6,£500.00,55.00%,0,0,12,"£2,000.00",7318.15.95,GB,500
va-454,VAX-6W-KNB-F VsionAir M6 Wing Knob Female,VsionAir,Workstations & Jigs,"Fixings, Knobs & Hardware","Fixings, Knobs & Hardware",VAX-6W-KNB-F,Default Title,VAX-6W-KNB-F,0,0,0,0,30.00%,0,0,6,£500.00,55.00%,0,0,12,"£2,000.00",7318.15.95,GB,500
va-453,VAX-6R-WASHR-10 VsionAir M6 Rubber Washer 10 Pack,VsionAir,Workstations & Jigs,"Fixings, Knobs & Hardware","Fixings, Knobs & Hardware",VAX-6R-WSHR-10,Default Title,VAX-6R-WSHR-10,0,0,0,0,30.00%,0,0,6,£500.00,55.00%,0,0,12,"£2,000.00",7318.15.95,GB,500
va-452,VAX-6S-WASHR-10 VsionAir M6 Washer 10 Pack,VsionAir,Workstations & Jigs,"Fixings, Knobs & Hardware","Fixings, Knobs & Hardware",VAX-6s-WSHR,Default Title,VAX-6s-WSHR,0,0,0,0,30.00%,0,0,6,£500.00,55.00%,0,0,12,"£2,000.00",7318.15.95,GB,500
va-451,VAX-6Nyloc VsionAir M6 Nylon Lock Nut 10 Pack,VsionAir,Workstations & Jigs,"Fixings, Knobs & Hardware","Fixings, Knobs & Hardware",VAX-6Nyloc-10,Default Title,VAX-6Nyloc-10,0,0,0,0,30.00%,0,0,6,£500.00,55.00%,0,0,12,"£2,000.00",7318.15.95,GB,500
va-450,VAX-6HN-10 VsionAir M6 Half Nut 10 Pack,VsionAir,Workstations & Jigs,"Fixings, Knobs & Hardware","Fixings, Knobs & Hardware",VA-450,Default Title,VA-450,0,0,0,0,30.00%,0,0,6,£500.00,55.00%,0,0,12,"£2,000.00",7318.15.95,GB,500
va-448,VAX-6CSH-8-10 VsionAir M6 x 8mm Countersunk Pozi Head Machine Screw 10 Pack,VsionAir,Workstations & Jigs,"Fixings, Knobs & Hardware","Fixings, Knobs & Hardware",VA-448,Default Title,VA-448,0,0,0,0,30.00%,0,0,6,£500.00,55.00%,0,0,12,"£2,000.00",7318.15.95,GB,500
va-447,"VAX-6H-60-10  VsionAir M6 x 60mm Hex Head Machine Screw, 10 Pack",VsionAir,Workstations & Jigs,"Fixings, Knobs & Hardware","Fixings, Knobs & Hardware",VAX-6H-60-10,Default Title,VAX-6H-60-10,0,0,0,0,30.00%,0,0,6,£500.00,55.00%,0,0,12,"£2,000.00",7318.15.95,GB,500
va-446,"VAX-6H-35-10  VsionAir M6 x 35mm Hex Head Machine Screw, 10 Pack",VsionAir,Workstations & Jigs,"Fixings, Knobs & Hardware","Fixings, Knobs & Hardware",VAX-6H-35-10,Default Title,VAX-6H-35-10,0,0,0,0,30.00%,0,0,6,£500.00,55.00%,0,0,12,"£2,000.00",7318.15.95,GB,500
va-445,"VAX-6H-16-10  VsionAir M6 x 16mm Hex Head Machine Screw, 10 Pack",VsionAir,Workstations & Jigs,"Fixings, Knobs & Hardware","Fixings, Knobs & Hardware",VAX-6H-16-10,Default Title,VAX-6H-16-10,0,0,0,0,30.00%,0,0,6,£500.00,55.00%,0,0,12,"£2,000.00",7318.15.95,GB,500
va-444,VAX-6FH-12-10 VsionAir M6 x 12mm Flange Head Machine Screw Pack of 10,VsionAir,Workstations & Jigs,"Fixings, Knobs & Hardware","Fixings, Knobs & Hardware",VAX-6FH-10-10-1,Default Title,VAX-6FH-10-10-1,0,0,0,0,30.00%,0,0,6,£500.00,55.00%,0,0,12,"£2,000.00",7318.15.95,GB,500
va-443,VAX-6FH-10-10 VsionAir M6 x 10mm Flange Head Machine Screw Pack of 10,VsionAir,Workstations & Jigs,"Fixings, Knobs & Hardware","Fixings, Knobs & Hardware",VAX-6FH-10-10,Default Title,VAX-6FH-10-10,0,0,0,0,30.00%,0,0,6,£500.00,55.00%,0,0,12,"£2,000.00",7318.15.95,GB,500
va-442,VAX-6FH-8-10 VsionAir M6 x 8mm Flange Head Machine Screw Pack of 10,VsionAir,Workstations & Jigs,"Fixings, Knobs & Hardware","Fixings, Knobs & Hardware",VAX-6FH-8-10,Default Title,VAX-6FH-8-10,0,0,0,0,30.00%,0,0,6,£500.00,55.00%,0,0,12,"£2,000.00",7318.15.95,GB,500
va-440,VAX-4Nyloc VsionAir M4 Nylon Lock Nut,VsionAir,Workstations & Jigs,"Fixings, Knobs & Hardware","Fixings, Knobs & Hardware",VAX-4Nyloc-10,Default Title,VAX-4Nyloc-10,0,0,0,0,30.00%,0,0,6,£500.00,55.00%,0,0,12,"£2,000.00",7318.15.95,GB,500
va-439,VAX-4-FH-8 VsionAir M4 x 8mm Flange Head Machine Screw,VsionAir,Workstations & Jigs,"Fixings, Knobs & Hardware","Fixings, Knobs & Hardware",VAX-4FH-8-10,Default Title,VAX-4FH-8-10,0,0,0,0,30.00%,0,0,6,£500.00,55.00%,0,0,12,"£2,000.00",7318.15.95,GB,500
va-438,VAX-END-STP VsionAir End Stop Bracket,VsionAir,Workstations & Jigs,"Fixings, Knobs & Hardware","Fixings, Knobs & Hardware",VAX-END-STP,Default Title,VAX-END-STP,0,0,0,0,30.00%,0,0,6,£500.00,55.00%,0,0,12,"£2,000.00",7318.15.95,GB,500
va-437,VAX-50-BRKT 50mm x 90 Degree Bracket,VsionAir,Workstations & Jigs,"Fixings, Knobs & Hardware","Fixings, Knobs & Hardware",VAX-50-BRKT,Default Title,VAX-50-BRKT,0,0,0,0,30.00%,0,0,6,£500.00,55.00%,0,0,12,"£2,000.00",7318.15.95,GB,500
va-436,VAX-25-BRKT 25mm x 90 Degree Bracket,VsionAir,Workstations & Jigs,"Fixings, Knobs & Hardware","Fixings, Knobs & Hardware",VAX-25-BRKT,Default Title,VAX-25-BRKT,0,0,0,0,30.00%,0,0,6,£500.00,55.00%,0,0,12,"£2,000.00",7318.15.95,GB,500
va-435,VAX-IAB-BRKT VsionAir IABS Bracket,VsionAir,Workstations & Jigs,"Fixings, Knobs & Hardware","Fixings, Knobs & Hardware",VAX-IABS-BRKT,Default Title,VAX-IABS-BRKT,0,0,0,0,30.00%,0,0,6,£500.00,55.00%,0,0,12,"£2,000.00",7318.15.95,GB,500
va-434,VAX-VBRKT VsionAir V Bracket,VsionAir,Workstations & Jigs,"Fixings, Knobs & Hardware","Fixings, Knobs & Hardware",VAX-VBRKT,Default Title,VAX-VBRKT,0,0,0,0,30.00%,0,0,6,£500.00,55.00%,0,0,12,"£2,000.00",7318.15.95,GB,500
va-353,VsionAir Multi Function Holder (VAX-TM-M-SS),VsionAir,Workstations & Jigs,Tool & Airbrush Holders,Tool & Airbrush Holders,VAX-TM-M-SS,Default Title,VAX-TM-M-SS,0,0,0,0,30.00%,0,0,6,£500.00,55.00%,0,0,12,"£2,000.00",8424.90.00,GB,500
va-351,VsionAir Bottle & Airbrush Mount Holder (VAX-TS-ABP-HLDR),VsionAir,Workstations & Jigs,Tool & Airbrush Holders,Tool & Airbrush Holders,VAX-S-ABP-HLDR,Default Title,VAX-S-ABP-HLDR,0,0,0,0,30.00%,0,0,6,£500.00,55.00%,0,0,12,"£2,000.00",8479.89.97,GB,500
va-349,VsiobAir 80mm Pot Organiser (VAX-POT1),VsionAir,Workstations & Jigs,Tool & Airbrush Holders,Tool & Airbrush Holders,VAX-POT1,Default Title,VAX-POT1,0,0,0,0,30.00%,0,0,6,£500.00,55.00%,0,0,12,"£2,000.00",8424.90.00,GB,500
va-347,VsionAir Flake King Gravity Spray Gun Holder (VAX-SPRYGN-HLDR),VsionAir,Workstations & Jigs,Tool & Airbrush Holders,Tool & Airbrush Holders,VAX-SPRYGN-HLDR-1-1,Default Title,VAX-SPRYGN-HLDR-1-1,0,0,0,0,30.00%,0,0,6,£500.00,55.00%,0,0,12,"£2,000.00",8424.20.00,GB,500
va-345,VsionAir Flake King 1000 Holder (VAX-1000-HLDR),VsionAir,Workstations & Jigs,Tool & Airbrush Holders,Tool & Airbrush Holders,VAX-1000-HLDR-1,Default Title,VAX-1000-HLDR-1,0,0,0,0,30.00%,0,0,6,£500.00,55.00%,0,0,12,"£2,000.00",3926.90.97,GB,500
va-343,VsionAir Flake King 500 Holder (VAX-500-HLDR),VsionAir,Workstations & Jigs,Tool & Airbrush Holders,Tool & Airbrush Holders,VAX-500-HLDR,Default Title,VAX-500-HLDR,0,0,0,0,30.00%,0,0,6,£500.00,55.00%,0,0,12,"£2,000.00",3926.90.97,GB,500
va-341,VsionAir Hook (VAX-HOOK),VsionAir,Workstations & Jigs,Tool & Airbrush Holders,Tool & Airbrush Holders,VAX-HOOK,Default Title,VAX-HOOK,0,0,0,0,30.00%,0,0,6,£500.00,55.00%,0,0,12,"£2,000.00",8424.90.00,GB,500
va-339,VsionAir Paint Bottle Holder (VAX-PNT-HLDR),VsionAir,Workstations & Jigs,Tool & Airbrush Holders,Tool & Airbrush Holders,VAX-PNT-HLDR,Default Title,VAX-PNT-HLDR,0,0,0,0,30.00%,0,0,6,£500.00,55.00%,0,0,12,"£2,000.00",8424.90.00,GB,500
va-336,VsionAir Reference & Spray Out Holder (VAX-REF),VsionAir,Workstations & Jigs,Tool & Airbrush Holders,Tool & Airbrush Holders,VAx-REF,Default Title,VAx-REF,0,0,0,0,30.00%,0,0,6,£500.00,55.00%,0,0,12,"£2,000.00",8424.90.00,GB,500
va-328,Vsionair tm Sparmax Regulator & Airline Holder (VAX-REG),VsionAir,Workstations & Jigs,Tool & Airbrush Holders,Tool & Airbrush Holders,VAX-REG,Default Title,VAX-REG,0,0,0,0,30.00%,0,0,6,£500.00,55.00%,0,0,12,"£2,000.00",8424.90.00,GB,500
va-326,VsionAir Pressure Cleaning Pot & Holder (VAX-APCS),VsionAir,Workstations & Jigs,Tool & Airbrush Holders,Tool & Airbrush Holders,VA-326,Default Title,VA-326,0,0,0,0,30.00%,0,0,6,£500.00,55.00%,0,0,12,"£2,000.00",8424.90.00,GB,500
va-324,VsionAir Universal Cleaning Pot Holder (VAX-IWUSOP),VsionAir,Workstations & Jigs,Tool & Airbrush Holders,Tool & Airbrush Holders,VAX-IWUSOP,Default Title,VAX-IWUSOP,0,0,0,0,30.00%,0,0,6,£500.00,55.00%,0,0,12,"£2,000.00",8424.90.00,GB,500
va-323,VsionAir Airbrush Holder Frame 300mm (VAX-ABHF-300),VsionAir,Workstations & Jigs,Tool & Airbrush Holders,Tool & Airbrush Holders,VAX-ABHF-300,Default Title,VAX-ABHF-300,0,0,0,0,30.00%,0,0,6,£500.00,55.00%,0,0,12,"£2,000.00",8424.90.00,GB,500
va-322,VsionAir Airbrush Holder Frame 250mm (VAX-ABHF-250),VsionAir,Workstations & Jigs,Tool & Airbrush Holders,Tool & Airbrush Holders,VAX-ABHF-250-1,Default Title,VAX-ABHF-250-1,0,0,0,0,30.00%,0,0,6,£500.00,55.00%,0,0,12,"£2,000.00",8424.90.00,GB,500
va-321,VsionAir Airbrush Holder Frame 200mm (VAX-ABHF-200),VsionAir,Workstations & Jigs,Tool & Airbrush Holders,Tool & Airbrush Holders,VAX-ABHF-200,Default Title,VAX-ABHF-200,0,0,0,0,30.00%,0,0,6,£500.00,55.00%,0,0,12,"£2,000.00",8424.90.00,GB,500
va-319,VsionAir Airbrush Holder Frame 150mm (VAX-ABHF-150),VsionAir,Workstations & Jigs,Tool & Airbrush Holders,Tool & Airbrush Holders,VAX-ABHF-150,Default Title,VAX-ABHF-150,0,0,0,0,30.00%,0,0,6,£500.00,55.00%,0,0,12,"£2,000.00",8424.90.00,GB,500
va-317,VsionAir tm Needle Cap Tray (VAX-NCH4),VsionAir,Workstations & Jigs,Tool & Airbrush Holders,Tool & Airbrush Holders,VA-317,Default Title,VA-317,0,0,0,0,30.00%,0,0,6,£500.00,55.00%,0,0,12,"£2,000.00",8424.90.00,GB,500
va-314,VsionAir tm Airbrush Holder (VAX-ABH),VsionAir,Workstations & Jigs,Tool & Airbrush Holders,Tool & Airbrush Holders,VAX-ABH,Default Title,VAX-ABH,0,0,0,0,30.00%,0,0,6,£500.00,55.00%,0,0,12,"£2,000.00",8424.90.00,GB,500
va-312,VsionAir tm Skateboard Jig (VAX-JG-SKBD),VsionAir,Workstations & Jigs,Work-Holding Jigs,Work-Holding Jigs,VAX-JG-SKBD,Default Title,VAX-JG-SKBD,0,0,0,0,30.00%,0,0,6,£500.00,55.00%,0,0,12,"£2,000.00",8479.89.97,GB,500
va-310,VsionAir Thermal Mug Jig (VAX-JG-TM),VsionAir,Workstations & Jigs,Work-Holding Jigs,Work-Holding Jigs,VAX-JG-TM,Default Title,VAX-JG-TM,0,0,0,0,30.00%,0,0,6,£500.00,55.00%,0,0,12,"£2,000.00",8479.89.97,GB,500
va-308,VsionAir Motorcycle & Car Wheel Jig (VAX-Jg-WHL),VsionAir,Workstations & Jigs,Work-Holding Jigs,Work-Holding Jigs,VAX-Jg-WHL,Default Title,VAX-Jg-WHL,0,0,0,0,30.00%,0,0,6,£500.00,55.00%,0,0,12,"£2,000.00",8479.89.97,GB,500
va-306,VsionAir Motorcycle Helmet Jig (VAX-JG-HLMT),VsionAir,Workstations & Jigs,Work-Holding Jigs,Work-Holding Jigs,VAX-JG-HLMT,Default Title,VAX-JG-HLMT,0,0,0,0,30.00%,0,0,6,£500.00,55.00%,0,0,12,"£2,000.00",8479.89.97,GB,500
va-304,VsionAir Motorcycle Tank Rotisserie Jig (VAX-JG-MCTNK),VsionAir,Workstations & Jigs,Work-Holding Jigs,Work-Holding Jigs,VAX-JG-MCTNK,Default Title,VAX-JG-MCTNK,0,0,0,0,30.00%,0,0,6,£500.00,55.00%,0,0,12,"£2,000.00",8479.89.97,GB,500
va-302,Vsionair Motorcycle Fender/Mudguard Jig Set (VAX-JG-MCFDR),VsionAir,Workstations & Jigs,Work-Holding Jigs,Work-Holding Jigs,VAX-JG-MCFDR,Default Title,VAX-JG-MCFDR,0,0,0,0,30.00%,0,0,6,£500.00,55.00%,0,0,12,"£2,000.00",8479.89.97,GB,500
va-297,VsionAir Electric Guitar Jig (VAX-JG-GTR),VsionAir,Workstations & Jigs,Work-Holding Jigs,Work-Holding Jigs,VAX-JG-GTR,Default Title,VAX-JG-GTR,0,0,0,0,30.00%,0,0,6,£500.00,55.00%,0,0,12,"£2,000.00",8479.89.97,GB,500
va-296,VsionAir TM A3 Airbrush Station Jig (VAX-JG-IABS-A3),VsionAir,Workstations & Jigs,Base Stands & Easels,Base Stands & Easels,VAX-JG-IABS-A3,Default Title,VAX-JG-IABS-A3,0,0,0,0,30.00%,0,0,6,£500.00,55.00%,0,0,12,"£2,000.00",8479.89.97,GB,500
va-294,VsionAir TM A4 Airbrush Station Jig (VAX-JG-IABS-A4),VsionAir,Workstations & Jigs,Base Stands & Easels,Base Stands & Easels,VAX-JG-IABS-A4,Default Title,VAX-JG-IABS-A4,0,0,0,0,30.00%,0,0,6,£500.00,55.00%,0,0,12,"£2,000.00",8479.89.97,GB,500
va-293,VsionAir tm Canvass Jig 1500mm Spine (VAX-JG-CNVSS-1500),VsionAir,Workstations & Jigs,Work-Holding Jigs,Work-Holding Jigs,VAX-JG-CNVSS-1500,Default Title,VAX-JG-CNVSS-1500,0,0,0,0,30.00%,0,0,6,£500.00,55.00%,0,0,12,"£2,000.00",8479.89.97,GB,500
va-288,VsionAir tm 60 LED Light with Mounting Brackets 600mm (VAX-LED-60),VsionAir,Workstations & Jigs,Tool Bars & Lighting Rigs,Tool Bars & Lighting Rigs,VAX-LED-60,Default Title,VAX-LED-60,0,0,0,0,30.00%,0,0,6,£500.00,55.00%,0,0,12,"£2,000.00",8479.89.97,GB,500
va-284,"VAX Lighting, Camera & Dual Vertical Tool Bar Rig 1.2m (VAX-LCT-RIG-1200)",VsionAir,Workstations & Jigs,Tool Bars & Lighting Rigs,Tool Bars & Lighting Rigs,VAX-LCT-RIG-1200,Default Title,VAX-LCT-RIG-1200,0,0,0,0,30.00%,0,0,6,£500.00,55.00%,0,0,12,"£2,000.00",7616.99.90,GB,500
va-282,"VAX Lighting, Camera & Dual Vertical Tool Bar Rig 1m (VAX-LCT-RIG-1000)",VsionAir,Workstations & Jigs,Tool Bars & Lighting Rigs,Tool Bars & Lighting Rigs,VAX-LCT-RIG-1000,Default Title,VAX-LCT-RIG-1000,0,0,0,0,30.00%,0,0,6,£500.00,55.00%,0,0,12,"£2,000.00",7616.99.90,GB,500
va-281,VsionFrame tm Tool Bar 1500mm (VAX-FRM-1500-TB),VsionAir,Workstations & Jigs,Tool Bars & Lighting Rigs,Tool Bars & Lighting Rigs,VAX-FRM-1500-TB,Default Title,VAX-FRM-1500-TB,0,0,0,0,30.00%,0,0,6,£500.00,55.00%,0,0,12,"£2,000.00",7616.99.90,GB,500
va-280,VsionFrame tm Tool Bar 1200mm (VAX-FRM-1200-TB),VsionAir,Workstations & Jigs,Tool Bars & Lighting Rigs,Tool Bars & Lighting Rigs,VAX-FRM-1200-TB,Default Title,VAX-FRM-1200-TB,0,0,0,0,30.00%,0,0,6,£500.00,55.00%,0,0,12,"£2,000.00",7616.99.90,GB,500
va-279,VsionFrame tm Tool Bar 1000mm (VAX-FRM-1000-TB),VsionAir,Workstations & Jigs,Tool Bars & Lighting Rigs,Tool Bars & Lighting Rigs,VAX-FRM-1000-TB,Default Title,VAX-FRM-1000-TB,0,0,0,0,30.00%,0,0,6,£500.00,55.00%,0,0,12,"£2,000.00",7616.99.90,GB,500
va-278,VsionFrame tm Tool Bar 750mm (VAX-FRM-750-TB),VsionAir,Workstations & Jigs,Tool Bars & Lighting Rigs,Tool Bars & Lighting Rigs,VAX-FRM-750-TB,Default Title,VAX-FRM-750-TB,0,0,0,0,30.00%,0,0,6,£500.00,55.00%,0,0,12,"£2,000.00",7616.99.90,GB,500
va-270,VsionFrame tm Tool Bar 500mm (VAX-FRM-500-TB),VsionAir,Workstations & Jigs,Tool Bars & Lighting Rigs,Tool Bars & Lighting Rigs,VAX-FRM-500-TB,Default Title,VAX-FRM-500-TB,0,0,0,0,30.00%,0,0,6,£500.00,55.00%,0,0,12,"£2,000.00",7616.99.90,GB,500
va-268,VAX-IABS VsionAir Independent Airbrush Station,VsionAir,Workstations & Jigs,Base Stands & Easels,Base Stands & Easels,VAX-IABS,Default Title,VAX-IABS,0,0,0,0,30.00%,0,0,6,£500.00,55.00%,0,0,12,"£2,000.00",7616.99.90,GB,500
va-265,Angle Lock Adjuster (VAX-ALA),VsionAir,Workstations & Jigs,"Fixings, Knobs & Hardware","Fixings, Knobs & Hardware",VAX-ALA,Default Title,VAX-ALA,0,0,0,0,30.00%,0,0,6,£500.00,55.00%,0,0,12,"£2,000.00",7318.15.95,GB,500
va-262,Crown Feet for VsionAir Tri-Stand (VAX-CRWN-FT),VsionAir,Workstations & Jigs,Base Stands & Easels,Base Stands & Easels,VAX-CRWN-FT,Default Title,VAX-CRWN-FT,0,0,0,0,30.00%,0,0,6,£500.00,55.00%,0,0,12,"£2,000.00",7616.99.90,GB,500
va-260,VsionAir Desk Mount Clamp (VAX-DM2),VsionAir,Workstations & Jigs,Base Stands & Easels,Base Stands & Easels,VAX-DM2,Default Title,VAX-DM2,0,0,0,0,30.00%,0,0,6,£500.00,55.00%,0,0,12,"£2,000.00",8479.89.97,GB,500
va-256,VsionAir Desk Mount -(VAX-DM1),VsionAir,Workstations & Jigs,Base Stands & Easels,Base Stands & Easels,VAX-DM1,Default Title,VAX-DM1,0,0,0,0,30.00%,0,0,6,£500.00,55.00%,0,0,12,"£2,000.00",8479.89.97,GB,500
va-255,VsionAir Tri-Stand (VAX-TRI),VsionAir,Workstations & Jigs,Base Stands & Easels,Base Stands & Easels,VAX-TRI,Default Title,VAX-TRI,0,0,0,0,30.00%,0,0,6,£500.00,55.00%,0,0,12,"£2,000.00",7616.99.90,GB,500